Title,MetaTitle
Laptops & Computers,Laptops Desktops and Computing Accessories
Mobile Phones,Smartphones Feature Phones and Accessories
Home Appliances,Refrigerators Washing Machines and Kitchen Appliances
Furniture,Living Room Bedroom and Office Furniture
Electronics,TVs Audio Systems and Camera
Clothing,Men's Women's and Children's Clothing
Sports & Outdoors,Sports Equipment Outdoor Gearnd Activewea
Books,Fiction Non-Fiction and Educational Books
Automotive,Car Accessories Motorcycles and Vehicle Maintenance
Toys & Games,Board Games Puzzles and Children's Toys